operation,prev_base,next_base,total,forward
A>C,A,A,46,33
A>C,A,C,26,19
A>C,A,G,22,20
A>C,A,T,32,23
A>C,C,A,64,42
A>C,C,C,12,7
A>C,C,G,30,16
A>C,C,T,18,14
A>C,G,A,29,23
A>C,G,C,5,5
A>C,G,G,5,4
A>C,G,T,18,15
A>C,T,A,17,13
A>C,T,C,8,7
A>C,T,G,5,5
A>C,T,T,20,16
A>G,A,A,28,18
A>G,A,C,13,8
A>G,A,G,56,25
A>G,A,T,10,8
A>G,C,A,4,3
A>G,C,C,3,3
A>G,C,G,10,4
A>G,C,T,11,10
A>G,G,A,55,22
A>G,G,C,6,1
A>G,G,G,4,3
A>G,G,T,11,5
A>G,T,A,4,3
A>G,T,C,2,1
A>G,T,G,4,0
A>G,T,T,10,6
A>T,A,A,28,11
A>T,A,C,7,3
A>T,A,G,12,7
A>T,A,T,72,35
A>T,C,A,4,3
A>T,C,C,2,0
A>T,C,G,2,0
A>T,C,T,11,4
A>T,G,A,13,7
A>T,G,C,2,1
A>T,G,G,4,2
A>T,G,T,17,6
A>T,T,A,71,37
A>T,T,C,8,7
A>T,T,G,7,3
A>T,T,T,36,11
G>A,A,A,40,23
G>A,A,C,29,18
G>A,A,G,59,29
G>A,A,T,13,6
G>A,C,A,16,6
G>A,C,C,3,2
G>A,C,G,13,6
G>A,C,T,7,1
G>A,G,A,84,48
G>A,G,C,6,2
G>A,G,G,11,1
G>A,G,T,8,2
G>A,T,A,22,12
G>A,T,C,7,2
G>A,T,G,4,1
G>A,T,T,10,4
G>C,A,A,6,1
G>C,A,C,10,3
G>C,A,G,12,4
G>C,A,T,1,0
G>C,C,A,11,3
G>C,C,C,14,4
G>C,C,G,44,20
G>C,C,T,13,2
G>C,G,A,21,8
G>C,G,C,41,18
G>C,G,G,20,3
G>C,G,T,11,5
G>C,T,A,9,1
G>C,T,C,8,3
G>C,T,G,6,2
G>C,T,T,13,3
G>T,A,A,45,16
G>T,A,C,25,10
G>T,A,G,26,13
G>T,A,T,27,9
G>T,C,A,19,5
G>T,C,C,12,4
G>T,C,G,26,4
G>T,C,T,27,5
G>T,G,A,17,2
G>T,G,C,12,4
G>T,G,G,12,5
G>T,G,T,76,37
G>T,T,A,41,14
G>T,T,C,21,7
G>T,T,G,61,33
G>T,T,T,41,9
C>A,A,A,36,24
C>A,A,C,90,50
C>A,A,G,33,29
C>A,A,T,21,16
C>A,C,A,52,29
C>A,C,C,20,12
C>A,C,G,30,19
C>A,C,T,31,18
C>A,G,A,21,10
C>A,G,C,23,14
C>A,G,G,20,14
C>A,G,T,36,20
C>A,T,A,41,29
C>A,T,C,22,17
C>A,T,G,18,12
C>A,T,T,27,16
C>G,A,A,11,9
C>G,A,C,7,5
C>G,A,G,2,1
C>G,A,T,4,3
C>G,C,A,6,6
C>G,C,C,5,3
C>G,C,G,36,15
C>G,C,T,20,11
C>G,G,A,8,3
C>G,G,C,45,24
C>G,G,G,14,8
C>G,G,T,14,4
C>G,T,A,6,4
C>G,T,C,10,8
C>G,T,G,8,4
C>G,T,T,4,1
C>T,A,A,7,7
C>T,A,C,5,2
C>T,A,G,5,4
C>T,A,T,8,4
C>T,C,A,12,8
C>T,C,C,10,9
C>T,C,G,14,11
C>T,C,T,42,15
C>T,G,A,3,2
C>T,G,C,8,7
C>T,G,G,4,3
C>T,G,T,19,6
C>T,T,A,31,14
C>T,T,C,84,51
C>T,T,G,14,8
C>T,T,T,50,21
T>A,A,A,35,20
T>A,A,C,26,17
T>A,A,G,18,11
T>A,A,T,67,41
T>A,C,A,7,4
T>A,C,C,1,1
T>A,C,G,4,2
T>A,C,T,11,6
T>A,G,A,7,4
T>A,G,C,2,1
T>A,G,G,4,1
T>A,G,T,14,2
T>A,T,A,61,33
T>A,T,C,6,3
T>A,T,G,8,3
T>A,T,T,20,9
T>C,A,A,9,2
T>C,A,C,8,2
T>C,A,G,4,3
T>C,A,T,12,5
T>C,C,A,7,4
T>C,C,C,14,7
T>C,C,G,18,10
T>C,C,T,48,27
T>C,G,A,1,0
T>C,G,C,6,4
T>C,G,G,3,0
T>C,G,T,10,3
T>C,T,A,3,1
T>C,T,C,46,27
T>C,T,G,9,3
T>C,T,T,18,6
T>G,A,A,23,4
T>G,A,C,12,3
T>G,A,G,20,6
T>G,A,T,23,8
T>G,C,A,6,4
T>G,C,C,12,2
T>G,C,G,24,5
T>G,C,T,22,7
T>G,G,A,12,4
T>G,G,C,16,2
T>G,G,G,11,3
T>G,G,T,40,13
T>G,T,A,17,5
T>G,T,C,29,7
T>G,T,G,72,26
T>G,T,T,45,15
->A,A,A,1657,988
->A,A,C,2004,1156
->A,A,G,1601,1066
->A,A,T,1379,843
->A,C,A,72,31
->A,C,C,112,62
->A,C,G,150,68
->A,C,T,101,40
->A,G,A,87,26
->A,G,C,101,36
->A,G,G,75,19
->A,G,T,114,26
->A,T,A,103,31
->A,T,C,103,37
->A,T,G,101,43
->A,T,T,136,52
->C,A,A,179,109
->C,A,C,98,51
->C,A,G,138,77
->C,A,T,131,66
->C,C,A,710,371
->C,C,C,639,340
->C,C,G,804,480
->C,C,T,814,466
->C,G,A,144,36
->C,G,C,95,41
->C,G,G,139,49
->C,G,T,210,51
->C,T,A,90,51
->C,T,C,88,54
->C,T,G,89,44
->C,T,T,165,77
->G,A,A,169,103
->G,A,C,117,73
->G,A,G,103,68
->G,A,T,120,67
->G,C,A,96,53
->G,C,C,69,42
->G,C,G,141,97
->G,C,T,149,66
->G,G,A,962,425
->G,G,C,824,340
->G,G,G,513,256
->G,G,T,759,381
->G,T,A,133,72
->G,T,C,119,79
->G,T,G,97,45
->G,T,T,157,70
->T,A,A,200,143
->T,A,C,122,85
->T,A,G,145,107
->T,A,T,102,58
->T,C,A,84,55
->T,C,C,75,60
->T,C,G,110,62
->T,C,T,85,54
->T,G,A,120,71
->T,G,C,78,54
->T,G,G,77,45
->T,G,T,98,43
->T,T,A,2304,816
->T,T,C,1578,609
->T,T,G,1039,443
->T,T,T,1485,651
A>-,A,C,1041,606
A>-,A,G,1450,789
A>-,A,T,1469,893
A>-,C,C,128,91
A>-,C,G,261,131
A>-,C,T,271,149
A>-,G,C,132,82
A>-,G,G,191,105
A>-,G,T,267,141
A>-,T,C,134,98
A>-,T,G,113,67
A>-,T,T,251,155
C>-,A,A,280,160
C>-,A,G,171,111
C>-,A,T,207,119
C>-,C,A,814,456
C>-,C,G,1071,557
C>-,C,T,884,533
C>-,G,A,221,115
C>-,G,G,184,109
C>-,G,T,309,138
C>-,T,A,308,188
C>-,T,G,195,114
C>-,T,T,292,167
G>-,A,A,325,153
G>-,A,C,314,180
G>-,A,T,226,96
G>-,C,A,158,51
G>-,C,C,165,71
G>-,C,T,184,56
G>-,G,A,1064,495
G>-,G,C,994,435
G>-,G,T,674,340
G>-,T,A,332,128
G>-,T,C,210,102
G>-,T,T,282,110
T>-,A,A,251,92
T>-,A,C,284,127
T>-,A,G,268,125
T>-,C,A,93,41
T>-,C,C,147,62
T>-,C,G,279,115
T>-,G,A,116,47
T>-,G,C,159,66
T>-,G,G,126,40
T>-,T,A,905,390
T>-,T,C,1328,554
T>-,T,G,1310,502
